epoch,accuracy,loss,val_accuracy,val_loss
0,0.3199999928474426,1.9748878479003906,0.3700000047683716,1.9315483570098877
1,0.3199999928474426,1.972690463066101,0.3700000047683716,1.9305617809295654
